ORF	Metago2019	SubMetago
CAGL0A00737g	TRANSPORT / TRAFFICKING	PLASMA MEMBRANE
CAGL0A00979g	METABOLISM	RIBOSOMAL BIOGENESIS
CAGL0A01067g	UNCLASSIFIED	_
CAGL0A01089g	UNCLASSIFIED	_
CAGL0B01122g	IRON-SULFUR CLUSTER SYNTHESIS AND ASSEMBLY	_
CAGL0A01221g	TRANSPORT / TRAFFICKING	PLASMA MEMBRANE
CAGL0A01243g	TRANSPORT / TRAFFICKING	PLASMA MEMBRANE
CAGL0A01650g	UNCLASSIFIED	_
CAGL0A01716g	REGULATION	CHROMATIN CONFORMATION
CAGL0A01782g	TRANSPORT / TRAFFICKING	PLASMA MEMBRANE
CAGL0A01826g	TRANSPORT / TRAFFICKING	PLASMA MEMBRANE
CAGL0A02002g	METABOLISM	ENERGY PRODUCTION (NON RESPIRATORY)
CAGL0A02112g	METABOLISM	PROTEIN SYNTHESIS
CAGL0A02145g	REGULATION	OTHERS
CAGL0A02211g	TRANSPORT / TRAFFICKING	PLASMA MEMBRANE
CAGL0A02233g	TRANSPORT / TRAFFICKING	PLASMA MEMBRANE
CAGL0A02277g	UNCLASSIFIED	_
CAGL0A02299g	UNCLASSIFIED	_
CAGL0A02816g	REDOX SIGNALING	NAD(P)/NAD(P)H DEPENDANT ENZYME
CAGL0A03102g	IRON-SULFUR CLUSTER SYNTHESIS AND ASSEMBLY	_
CAGL0A03366g	REDOX SIGNALING	METABOLISM
CAGL0A03476g	TRANSPORT / TRAFFICKING	VACUOLAR MEMBRANE
CAGL0D06402g	IRON-SULFUR CLUSTER SYNTHESIS AND ASSEMBLY	_
CAGL0A03740g	REDOX SIGNALING	PEROXISOME
CAGL0I07887g	METABOLISM	OTHERS
CAGL0A04015g	METABOLISM	RIBOSOMAL BIOGENESIS
CAGL0A04499g	REGULATION	TRANSLATION
CAGL0A04653g	METABOLISM	MITOCHONDRIAL BIOGENESIS
CAGL0A04829g	METABOLISM	ENERGY PRODUCTION (NON RESPIRATORY)
CAGL0B00286g	METABOLISM	AMINO ACID METABOLISM
CAGL0B00594g	UNCLASSIFIED	_
CAGL0B00792g	METABOLISM	RIBOSOMAL BIOGENESIS
CAGL0B00814g	TRANSPORT / TRAFFICKING	INTRACELLULAR TRANSPORT
CAGL0B00946g	UNCLASSIFIED	_
CAGL0B00990g	REDOX SIGNALING	FLAVO HEMO PROTEIN
CAGL0B01012g	TRANSPORT / TRAFFICKING	PLASMA MEMBRANE
CAGL0K06677g	IRON-SULFUR CLUSTER SYNTHESIS AND ASSEMBLY	_
CAGL0B01507g	METABOLISM	AMINO ACID METABOLISM
CAGL0B01639g	TRANSPORT / TRAFFICKING	ER/GOLGI TRANSPORT SYSTEM
CAGL0B01727g	METABOLISM	ENERGY PRODUCTION (NON RESPIRATORY)
CAGL0B01881g	METABOLISM	NUCLEIC ACID METABOLISM
CAGL0J04202g	MEMBRANE / CELL WALL	_
CAGL0B02585g	STRESS RESPONSE	_
CAGL0B02717g	IRON-SULFUR CLUSTER SYNTHESIS AND ASSEMBLY	_
CAGL0B02794g	METABOLISM	NUCLEIC ACID METABOLISM
CAGL0B02838g	TRANSPORT / TRAFFICKING	PLASMA MEMBRANE
CAGL0B02860g	METABOLISM	MITOPHAGY
CAGL0L10142g	MEMBRANE / CELL WALL	_
CAGL0B02970g	UNCLASSIFIED	_
CAGL0B03421g	REGULATION	TRANSCRIPTIONAL REGULATOR
CAGL0B03619g	METABOLISM	PROTEIN DEGRADATION
CAGL0B03663g	METABOLISM	ENERGY PRODUCTION (RESPIRATORY)
CAGL0B03817g	REGULATION	UNKNOWN
CAGL0B03993g	METABOLISM	AMINO ACID METABOLISM
CAGL0B04213g	REGULATION	OTHERS
CAGL0B04433g	TRANSPORT / TRAFFICKING	PLASMA MEMBRANE
CAGL0C03333g	REDOX SIGNALING	FLAVO HEMO PROTEIN
CAGL0C00110g	UNCLASSIFIED	_
CAGL0D06424g	METABOLISM	ENERGY PRODUCTION (RESPIRATORY)
CAGL0C00495g	REGULATION	SIGNAL TRANSDUCTION
CAGL0C00539g	REGULATION	OTHERS
CAGL0C00759g	REGULATION	TRANSLATION
CAGL0C00968g	UNCLASSIFIED	_
CAGL0C01133g	UNCLASSIFIED	_
CAGL0C01287g	REGULATION	OTHERS
CAGL0C01325g	REDOX SIGNALING	RESPIRATORY CHAIN
CAGL0C01595g	METABOLISM	AMINO ACID METABOLISM
CAGL0C01727g	REDOX SIGNALING	METABOLISM
CAGL0C01749g	UNCLASSIFIED	_
CAGL0C01771g	TRANSPORT / TRAFFICKING	MITOCHONDRIA
CAGL0C02035g	IRON-SULFUR CLUSTER SYNTHESIS AND ASSEMBLY	_
CAGL0C02233g	REDOX SIGNALING	THIOL REDOX
CAGL0C02365g	UNCLASSIFIED	_
CAGL0C02739g	METABOLISM	MITOCHONDRIAL BIOGENESIS
CAGL0C03113g	REGULATION	GENERAL TRANSCRIPTION
CAGL0C03267g	TRANSPORT / TRAFFICKING	PLASMA MEMBRANE
CAGL0C05115g	METABOLISM	AMINO ACID METABOLISM
CAGL0C03443g	REDOX SIGNALING	NAD(P)/NAD(P)H DEPENDANT ENZYME
CAGL0C03487g	MEMBRANE / CELL WALL	_
CAGL0C03608g	UNCLASSIFIED	_
CAGL0C03630g	IRON-SULFUR CLUSTER SYNTHESIS AND ASSEMBLY	_
CAGL0C03652g	METABOLISM	ENERGY PRODUCTION (RESPIRATORY)
CAGL0C03850g	REDOX SIGNALING	THIOL REDOX
CAGL0C03872g	STRESS RESPONSE	_
CAGL0C04191g	REDOX SIGNALING	RESPIRATORY CHAIN
CAGL0C04279g	METABOLISM	FATTY ACID AND LIPIDS
CAGL0C04587g	METABOLISM	UNKNOWN
CAGL0C04917g	METABOLISM	AMINO ACID METABOLISM
CAGL0C05027g	METABOLISM	MITOCHONDRIAL BIOGENESIS
CAGL0E01793g	METABOLISM	MEMBRANE AND CELL WALL BIOGENESIS
CAGL0C05445g	TRANSPORT / TRAFFICKING	INTRACELLULAR TRANSPORT
CAGL0D00198g	REDOX SIGNALING	NAD(P)/NAD(P)H DEPENDANT ENZYME
CAGL0D00264g	UNCLASSIFIED	_
CAGL0D00352g	TRANSPORT / TRAFFICKING	PEROXISOME
CAGL0D00418g	TRANSPORT / TRAFFICKING	MITOCHONDRIA
CAGL0D00528g	REDOX SIGNALING	PEROXISOME
CAGL0D00704g	TRANSPORT / TRAFFICKING	ER/GOLGI TRANSPORT SYSTEM
CAGL0D00748g	REDOX SIGNALING	RESPIRATORY CHAIN
CAGL0D00770g	REDOX SIGNALING	NAD(P)/NAD(P)H DEPENDANT ENZYME
CAGL0D00880g	METABOLISM	RIBOSOMAL BIOGENESIS
CAGL0D01265g	STRESS RESPONSE	_
CAGL0D01298g	METABOLISM	ENERGY PRODUCTION (NON RESPIRATORY)
CAGL0D01474g	UNCLASSIFIED	_
CAGL0D01562g	METABOLISM	NUCLEIC ACID METABOLISM
CAGL0D01958g	REDOX SIGNALING	RESPIRATORY CHAIN
CAGL0D02134g	METABOLISM	UNKNOWN
CAGL0D02596g	METABOLISM	NUCLEIC ACID METABOLISM
CAGL0D02640g	TRANSPORT / TRAFFICKING	PLASMA MEMBRANE
CAGL0D02662g	TRANSPORT / TRAFFICKING	PLASMA MEMBRANE
CAGL0D03982g	REDOX SIGNALING	OXYGEN DEPENDENT ENZYME
CAGL0D04026g	METABOLISM	NITROGEN METABOLISM
CAGL0D04356g	REDOX SIGNALING	OTHERS
CAGL0D04686g	REGULATION	OTHERS
CAGL0D04708g	TRANSPORT / TRAFFICKING	PLASMA MEMBRANE
CAGL0D05060g	METABOLISM	POST TRANSLATIONAL MODIFICATION
CAGL0D05082g	METABOLISM	PROTEIN DEGRADATION
CAGL0D05192g	REDOX SIGNALING	RESPIRATORY CHAIN
CAGL0D05280g	IRON-SULFUR CLUSTER SYNTHESIS AND ASSEMBLY	_
CAGL0D05434g	UNCLASSIFIED	_
CAGL0D05940g	REDOX SIGNALING	FLAVO HEMO PROTEIN
CAGL0E01815g	METABOLISM	MEMBRANE AND CELL WALL BIOGENESIS
CAGL0F02563g	METABOLISM	NUCLEIC ACID METABOLISM
CAGL0D06600g	REGULATION	GENERAL TRANSCRIPTION
CAGL0E00737g	REGULATION	CHROMATIN CONFORMATION
CAGL0E00803g	UNCLASSIFIED	_
CAGL0E01155g	METABOLISM	NUCLEIC ACID METABOLISM
CAGL0E01243g	REGULATION	RNA BINDING
CAGL0E01287g	IRON-SULFUR CLUSTER SYNTHESIS AND ASSEMBLY	_
CAGL0E01705g	REDOX SIGNALING	METABOLISM
CAGL0E01727g	METABOLISM	MEMBRANE AND CELL WALL BIOGENESIS
CAGL0E01771g	METABOLISM	MEMBRANE AND CELL WALL BIOGENESIS
CAGL0G07106g	METABOLISM	NUCLEIC ACID METABOLISM
CAGL0I06050g	METABOLISM	FATTY ACID AND LIPIDS
CAGL0E01837g	METABOLISM	MEMBRANE AND CELL WALL BIOGENESIS
CAGL0E01881g	MEMBRANE / CELL WALL	_
CAGL0E01991g	REGULATION	TRANSLATION
CAGL0E02013g	METABOLISM	RIBOSOMAL BIOGENESIS
CAGL0E02255g	MEMBRANE / CELL WALL	_
CAGL0E02651g	METABOLISM	PROTEIN DEGRADATION
CAGL0E03025g	UNCLASSIFIED	_
CAGL0E03289g	REGULATION	TRANSLATION
CAGL0E03520g	METABOLISM	MITOCHONDRIAL BIOGENESIS
CAGL0F00407g	REDOX SIGNALING	METALLOENZYME
CAGL0E03916g	METABOLISM	ENERGY PRODUCTION (RESPIRATORY)
CAGL0E03938g	METABOLISM	RIBOSOMAL BIOGENESIS
CAGL0J03762g	METABOLISM	AMINO ACID METABOLISM
CAGL0E04224g	UNCLASSIFIED	_
CAGL0J09240g	METABOLISM	AMINO ACID METABOLISM
CAGL0E04510g	METABOLISM	MITOCHONDRIAL BIOGENESIS
CAGL0E04548g	UNCLASSIFIED	_
CAGL0E04554g	UNCLASSIFIED	_
CAGL0E04884g	REGULATION	TRANSCRIPTIONAL REGULATOR
CAGL0E04994g	METABOLISM	RIBOSOMAL BIOGENESIS
CAGL0E05148g	METABOLISM	POST TRANSLATIONAL MODIFICATION
CAGL0J10164g	METABOLISM	RIBOSOMAL BIOGENESIS
CAGL0E05346g	TRANSPORT / TRAFFICKING	VACUOLAR MEMBRANE
CAGL0E05456g	REGULATION	OTHERS
CAGL0E05500g	METABOLISM	NUCLEIC ACID METABOLISM
CAGL0E05588g	STRESS RESPONSE	_
CAGL0E05654g	METABOLISM	FATTY ACID AND LIPIDS
CAGL0E05830g	REGULATION	OTHERS
CAGL0E06072g	UNCLASSIFIED	_
CAGL0E06116g	REGULATION	TRANSCRIPTIONAL REGULATOR
CAGL0E06138g	REDOX SIGNALING	PEROXISOME
CAGL0E06380g	METABOLISM	OTHERS
CAGL0E06424g	REDOX SIGNALING	NAD(P)/NAD(P)H DEPENDANT ENZYME
CAGL0K04279g	METABOLISM	MITOCHONDRIAL BIOGENESIS
CAGL0F00209g	TRANSPORT / TRAFFICKING	PLASMA MEMBRANE
CAGL0F00231g	TRANSPORT / TRAFFICKING	MITOCHONDRIA
CAGL0E03850g	REDOX SIGNALING	RESPIRATORY CHAIN
CAGL0F00429g	METABOLISM	NUCLEIC ACID METABOLISM
CAGL0K05357g	METABOLISM	NITROGEN METABOLISM
CAGL0F00649g	METABOLISM	POST TRANSLATIONAL MODIFICATION
CAGL0F00715g	METABOLISM	RIBOSOMAL BIOGENESIS
CAGL0F01045g	REGULATION	TRANSLATION
CAGL0F01265g	REGULATION	TRANSCRIPTIONAL REGULATOR
CAGL0L00759g	METABOLISM	AMINO ACID METABOLISM
CAGL0E04334g	REDOX SIGNALING	FLAVO HEMO PROTEIN
CAGL0F01485g	MEMBRANE / CELL WALL	_
CAGL0F01749g	METABOLISM	AMINO ACID METABOLISM
CAGL0F02101g	REGULATION	PROTEIN DEGRADATION
CAGL0F02145g	MEMBRANE / CELL WALL	_
CAGL0F02233g	METABOLISM	PROTEIN DEGRADATION
CAGL0F02431g	METABOLISM	ENERGY PRODUCTION (RESPIRATORY)
CAGL0F02513g	TRANSPORT / TRAFFICKING	INTRACELLULAR TRANSPORT
CAGL0L06666g	REDOX SIGNALING	FLAVO HEMO PROTEIN
CAGL0F06413g	REDOX SIGNALING	METALLOENZYME
CAGL0F03553g	REGULATION	OTHERS
CAGL0F03861g	IRON-SULFUR CLUSTER SYNTHESIS AND ASSEMBLY	_
CAGL0F03927g	METABOLISM	NUCLEIC ACID METABOLISM
CAGL0F03993g	IRON-SULFUR CLUSTER SYNTHESIS AND ASSEMBLY	_
CAGL0F04191g	UNCLASSIFIED	_
CAGL0F04213g	REDOX SIGNALING	OTHERS
CAGL0F04411g	METABOLISM	MITOCHONDRIAL BIOGENESIS
CAGL0F04565g	REDOX SIGNALING	RESPIRATORY CHAIN
CAGL0F04631g	UNCLASSIFIED	_
CAGL0F04719g	REDOX SIGNALING	METABOLISM
CAGL0F04807g	UNCLASSIFIED	_
CAGL0F04895g	REDOX SIGNALING	METABOLISM
CAGL0F04917g	METABOLISM	ENERGY PRODUCTION (NON RESPIRATORY)
CAGL0F05071g	REDOX SIGNALING	PEROXISOME
CAGL0F05093g	UNCLASSIFIED	_
CAGL0F05687g	TRANSPORT / TRAFFICKING	INTRACELLULAR TRANSPORT
CAGL0F05709g	UNCLASSIFIED	_
CAGL0F05863g	REDOX SIGNALING	RESPIRATORY CHAIN
CAGL0H02491g	REDOX SIGNALING	RESPIRATORY CHAIN
CAGL0F06501g	METABOLISM	AMINO ACID METABOLISM
CAGL0F06677g	REGULATION	SIGNAL TRANSDUCTION
CAGL0F07029g	IRON-SULFUR CLUSTER SYNTHESIS AND ASSEMBLY	_
CAGL0F07117g	REGULATION	SIGNAL TRANSDUCTION
CAGL0F07513g	REDOX SIGNALING	METABOLISM
CAGL0A03905g	REDOX SIGNALING	OXYGEN DEPENDENT ENZYME
CAGL0F07953g	UNCLASSIFIED	_
CAGL0F08019g	TRANSPORT / TRAFFICKING	PEROXISOME
CAGL0F08085g	TRANSPORT / TRAFFICKING	MITOCHONDRIA
CAGL0F08195g	REGULATION	OTHERS
CAGL0F08217g	UNCLASSIFIED	_
CAGL0F08261g	METABOLISM	ENERGY PRODUCTION (NON RESPIRATORY)
CAGL0F08745g	REDOX SIGNALING	ROS DETOXIFICATION
CAGL0G01122g	UNCLASSIFIED	_
CAGL0G01166g	TRANSPORT / TRAFFICKING	MITOCHONDRIA
CAGL0G01540g	REDOX SIGNALING	METALLOENZYME
CAGL0G01826g	METABOLISM	RIBOSOMAL BIOGENESIS
CAGL0G02255g	REGULATION	TRANSLATION
CAGL0E05170g	REDOX SIGNALING	NAD(P)/NAD(P)H DEPENDANT ENZYME
CAGL0G02563g	METABOLISM	PROTEIN DEGRADATION
CAGL0A03542g	REDOX SIGNALING	RESPIRATORY CHAIN
CAGL0G02849g	UNCLASSIFIED	_
CAGL0G02937g	METABOLISM	ENERGY PRODUCTION (NON RESPIRATORY)
CAGL0F03399g	REDOX SIGNALING	PEROXISOME
CAGL0G03575g	METABOLISM	RIBOSOMAL BIOGENESIS
CAGL0G03883g	METABOLISM	POST TRANSLATIONAL MODIFICATION
CAGL0G03905g	IRON-SULFUR CLUSTER SYNTHESIS AND ASSEMBLY	_
CAGL0G04433g	UNCLASSIFIED	_
CAGL0G04499g	REGULATION	UNKNOWN
CAGL0G04763g	REGULATION	UNKNOWN
CAGL0G05566g	MEMBRANE / CELL WALL	_
CAGL0G02585g	REDOX SIGNALING	NAD(P)/NAD(P)H DEPENDANT ENZYME
CAGL0G05764g	REGULATION	UNKNOWN
CAGL0G05830g	UNCLASSIFIED	_
CAGL0G05874g	METABOLISM	NUCLEIC ACID METABOLISM
CAGL0G05962g	UNCLASSIFIED	_
CAGL0G06006g	UNCLASSIFIED	_
CAGL0G06050g	UNCLASSIFIED	_
CAGL0G06248g	METABOLISM	RIBOSOMAL BIOGENESIS
CAGL0G06402g	REDOX SIGNALING	RESPIRATORY CHAIN
CAGL0G06468g	TRANSPORT / TRAFFICKING	PLASMA MEMBRANE
CAGL0G06490g	METABOLISM	RIBOSOMAL BIOGENESIS
CAGL0G06732g	METABOLISM	AMINO ACID METABOLISM
CAGL0G06798g	UNCLASSIFIED	_
CAGL0G06952g	MEMBRANE / CELL WALL	_
CAGL0G05698g	REDOX SIGNALING	NAD(P)/NAD(P)H DEPENDANT ENZYME
CAGL0G07711g	MEMBRANE / CELL WALL	_
CAGL0G07821g	METABOLISM	NUCLEIC ACID METABOLISM
CAGL0G08019g	TRANSPORT / TRAFFICKING	PLASMA MEMBRANE
CAGL0G08041g	REGULATION	TRANSLATION
CAGL0G08712g	REDOX SIGNALING	METABOLISM
CAGL0G08734g	METABOLISM	RIBOSOMAL BIOGENESIS
CAGL0G09064g	METABOLISM	ENERGY PRODUCTION (NON RESPIRATORY)
CAGL0G09130g	METABOLISM	RIBOSOMAL BIOGENESIS
CAGL0G09383g	REDOX SIGNALING	NAD(P)/NAD(P)H DEPENDANT ENZYME
CAGL0G09691g	METABOLISM	AMINO ACID METABOLISM
CAGL0G09977g	REDOX SIGNALING	METABOLISM
CAGL0G10131g	REDOX SIGNALING	RESPIRATORY CHAIN
CAGL0G10153g	REDOX SIGNALING	RESPIRATORY CHAIN
CAGL0I01408g	REDOX SIGNALING	RESPIRATORY CHAIN
CAGL0H00418g	METABOLISM	AMINO ACID METABOLISM
CAGL0H00440g	TRANSPORT / TRAFFICKING	UNKNOWN
CAGL0H00506g	TRANSPORT / TRAFFICKING	MITOCHONDRIA
CAGL0H00572g	UNCLASSIFIED	_
CAGL0H00594g	UNCLASSIFIED	_
CAGL0H00682g	METABOLISM	MEMBRANE AND CELL WALL BIOGENESIS
CAGL0H00704g	METABOLISM	MITOPHAGY
CAGL0H00825g	UNCLASSIFIED	_
CAGL0H02101g	METABOLISM	NUCLEIC ACID METABOLISM
CAGL0H02387g	METABOLISM	ENERGY PRODUCTION (NON RESPIRATORY)
CAGL0I01166g	REDOX SIGNALING	THIOL REDOX
CAGL0H02563g	MEMBRANE / CELL WALL	_
CAGL0H02585g	METABOLISM	NITROGEN METABOLISM
CAGL0H02893g	UNCLASSIFIED	_
CAGL0H02959g	REGULATION	TRANSCRIPTIONAL REGULATOR
CAGL0H03179g	REGULATION	OTHERS
CAGL0K02893g	REDOX SIGNALING	RESPIRATORY CHAIN
CAGL0H03751g	REGULATION	UNKNOWN
CAGL0H03795g	REDOX SIGNALING	METABOLISM
CAGL0H03993g	METABOLISM	ENERGY PRODUCTION (RESPIRATORY)
CAGL0H04037g	REDOX SIGNALING	METABOLISM
CAGL0H04081g	METABOLISM	FATTY ACID AND LIPIDS
CAGL0H04125g	REDOX SIGNALING	FLAVO HEMO PROTEIN
CAGL0H04191g	TRANSPORT / TRAFFICKING	MITOCHONDRIA
CAGL0H04851g	METABOLISM	OTHERS
CAGL0H04939g	REDOX SIGNALING	METABOLISM
CAGL0H05137g	REDOX SIGNALING	NAD(P)/NAD(P)H DEPENDANT ENZYME
CAGL0H05445g	METABOLISM	ENERGY PRODUCTION (NON RESPIRATORY)
CAGL0H05643g	METABOLISM	RIBOSOMAL BIOGENESIS
CAGL0H06545g	METABOLISM	MITOPHAGY
CAGL0H06699g	REDOX SIGNALING	METABOLISM
CAGL0H06787g	REDOX SIGNALING	PEROXISOME
CAGL0H07051g	METABOLISM	AMINO ACID METABOLISM
CAGL0H07337g	UNCLASSIFIED	_
CAGL0H07579g	REGULATION	OTHERS
CAGL0H07887g	METABOLISM	NUCLEIC ACID METABOLISM
CAGL0H08063g	REDOX SIGNALING	PEROXISOME
CAGL0H08261g	METABOLISM	UNKNOWN
CAGL0H08541g	REGULATION	CHROMATIN CONFORMATION
CAGL0H08624g	UNCLASSIFIED	_
CAGL0H08822g	TRANSPORT / TRAFFICKING	MITOCHONDRIA
CAGL0H08844g	STRESS RESPONSE	_
CAGL0H09064g	METABOLISM	NUCLEIC ACID METABOLISM
CAGL0H09460g	METABOLISM	FATTY ACID AND LIPIDS
CAGL0H09592g	STRESS RESPONSE	_
CAGL0H09614g	STRESS RESPONSE	_
CAGL0H09944g	REDOX SIGNALING	NAD(P)/NAD(P)H DEPENDANT ENZYME
CAGL0H09966g	UNCLASSIFIED	_
CAGL0H10010g	UNCLASSIFIED	_
CAGL0H10076g	TRANSPORT / TRAFFICKING	PLASMA MEMBRANE
CAGL0H10142g	METABOLISM	AMINO ACID METABOLISM
CAGL0I00286g	TRANSPORT / TRAFFICKING	PLASMA MEMBRANE
CAGL0I00462g	TRANSPORT / TRAFFICKING	ER/GOLGI TRANSPORT SYSTEM
CAGL0I00528g	METABOLISM	NUCLEIC ACID METABOLISM
CAGL0I00550g	UNCLASSIFIED	_
CAGL0I00748g	REDOX SIGNALING	RESPIRATORY CHAIN
CAGL0I00792g	METABOLISM	RIBOSOMAL BIOGENESIS
CAGL0I00814g	REGULATION	TRANSLATION
CAGL0I01100g	REDOX SIGNALING	METABOLISM
CAGL0L10406g	REDOX SIGNALING	RESPIRATORY CHAIN
CAGL0I01276g	IRON-SULFUR CLUSTER SYNTHESIS AND ASSEMBLY	_
CAGL0I01298g	METABOLISM	POST TRANSLATIONAL MODIFICATION
CAGL0J03212g	REDOX SIGNALING	NAD(P)/NAD(P)H DEPENDANT ENZYME
CAGL0I01980g	TRANSPORT / TRAFFICKING	ER/GOLGI TRANSPORT SYSTEM
CAGL0I02024g	REDOX SIGNALING	FLAVO HEMO PROTEIN
CAGL0K06259g	REDOX SIGNALING	THIOL REDOX
CAGL0I02486g	REGULATION	OTHERS
CAGL0K10868g	REDOX SIGNALING	ROS DETOXIFICATION
CAGL0I02530g	REDOX SIGNALING	FLAVO HEMO PROTEIN
CAGL0I02728g	UNCLASSIFIED	_
CAGL0I03036g	METABOLISM	MITOCHONDRIAL BIOGENESIS
CAGL0I03080g	METABOLISM	NUCLEIC ACID METABOLISM
CAGL0I03190g	REDOX SIGNALING	RESPIRATORY CHAIN
CAGL0I03234g	METABOLISM	RIBOSOMAL BIOGENESIS
CAGL0I03366g	REGULATION	TRANSLATION
CAGL0I04004g	TRANSPORT / TRAFFICKING	MITOCHONDRIA
CAGL0I04048g	METABOLISM	ENERGY PRODUCTION (NON RESPIRATORY)
CAGL0I04328g	UNCLASSIFIED	_
CAGL0I04334g	REGULATION	OTHERS
CAGL0I04444g	METABOLISM	NUCLEIC ACID METABOLISM
CAGL0I04686g	TRANSPORT / TRAFFICKING	MITOCHONDRIA
CAGL0L05236g	REDOX SIGNALING	METABOLISM
CAGL0I04752g	METABOLISM	FATTY ACID AND LIPIDS
CAGL0I04906g	REGULATION	PROTEIN DEGRADATION
CAGL0I04972g	METABOLISM	OTHERS
CAGL0I04994g	IRON-SULFUR CLUSTER SYNTHESIS AND ASSEMBLY	_
CAGL0I05060g	REGULATION	TRANSLATION
CAGL0I05390g	REGULATION	SIGNAL TRANSDUCTION
CAGL0I05610g	UNCLASSIFIED	_
CAGL0I05874g	UNCLASSIFIED	_
CAGL0I05934g	REDOX SIGNALING	OTHERS
CAGL0I06006g	METABOLISM	NUCLEIC ACID METABOLISM
CAGL0M07656g	REDOX SIGNALING	FLAVO HEMO PROTEIN
CAGL0I06182g	MEMBRANE / CELL WALL	_
CAGL0I06644g	MEMBRANE / CELL WALL	_
CAGL0B02475g	REGULATION	OTHERS
CAGL0I06831g	REDOX SIGNALING	RESPIRATORY CHAIN
CAGL0I07249g	REGULATION	SIGNAL TRANSDUCTION
CAGL0I07491g	UNCLASSIFIED	_
CAGL0I07843g	REDOX SIGNALING	NAD(P)/NAD(P)H DEPENDANT ENZYME
CAGL0B04675g	REGULATION	TRANSLATION
CAGL0I07969g	TRANSPORT / TRAFFICKING	MITOCHONDRIA
CAGL0I08305g	METABOLISM	MITOCHONDRIAL BIOGENESIS
CAGL0I08503g	IRON-SULFUR CLUSTER SYNTHESIS AND ASSEMBLY	_
CAGL0I08547g	UNCLASSIFIED	_
CAGL0I08987g	METABOLISM	AMINO ACID METABOLISM
CAGL0I09009g	METABOLISM	AMINO ACID METABOLISM
CAGL0I09086g	TRANSPORT / TRAFFICKING	UNKNOWN
CAGL0I09284g	METABOLISM	AMINO ACID METABOLISM
CAGL0I09328g	REDOX SIGNALING	METABOLISM
CAGL0I09504g	REGULATION	SIGNAL TRANSDUCTION
CAGL0I09702g	TRANSPORT / TRAFFICKING	PLASMA MEMBRANE
CAGL0I09724g	TRANSPORT / TRAFFICKING	PLASMA MEMBRANE
CAGL0I09790g	METABOLISM	RIBOSOMAL BIOGENESIS
CAGL0I10010g	TRANSPORT / TRAFFICKING	ER/GOLGI TRANSPORT SYSTEM
CAGL0F00605g	REGULATION	OTHERS
CAGL0I10384g	TRANSPORT / TRAFFICKING	PLASMA MEMBRANE
CAGL0I10406g	METABOLISM	PROTEIN DEGRADATION
CAGL0I10472g	REGULATION	UNKNOWN
CAGL0I10670g	METABOLISM	RIBOSOMAL BIOGENESIS
CAGL0I10747g	TRANSPORT / TRAFFICKING	PLASMA MEMBRANE
CAGL0I10791g	METABOLISM	AMINO ACID METABOLISM
CAGL0J00363g	TRANSPORT / TRAFFICKING	PLASMA MEMBRANE
CAGL0J00429g	REDOX SIGNALING	RESPIRATORY CHAIN
CAGL0J00451g	REDOX SIGNALING	METABOLISM
CAGL0J00473g	METABOLISM	PROTEIN DEGRADATION
CAGL0J00649g	IRON-SULFUR CLUSTER SYNTHESIS AND ASSEMBLY	_
CAGL0J00847g	REDOX SIGNALING	RESPIRATORY CHAIN
CAGL0J01045g	METABOLISM	RIBOSOMAL BIOGENESIS
CAGL0J01441g	REDOX SIGNALING	NAD(P)/NAD(P)H DEPENDANT ENZYME
CAGL0J01848g	METABOLISM	NUCLEIC ACID METABOLISM
CAGL0J02112g	IRON-SULFUR CLUSTER SYNTHESIS AND ASSEMBLY	_
CAGL0J02530g	UNCLASSIFIED	_
CAGL0J02904g	REDOX SIGNALING	METABOLISM
CAGL0J03080g	REDOX SIGNALING	METABOLISM
CAGL0F07865g	REGULATION	SIGNAL TRANSDUCTION
CAGL0J03234g	METABOLISM	RIBOSOMAL BIOGENESIS
CAGL0H03487g	REGULATION	TRANSCRIPTIONAL REGULATOR
CAGL0J03806g	REGULATION	TRANSCRIPTIONAL REGULATOR
CAGL0J03894g	REDOX SIGNALING	FLAVO HEMO PROTEIN
CAGL0J03916g	METABOLISM	FATTY ACID AND LIPIDS
CAGL0J04004g	UNCLASSIFIED	_
CAGL0J04070g	METABOLISM	NUCLEIC ACID METABOLISM
CAGL0I04730g	REGULATION	OTHERS
CAGL0J04224g	STRESS RESPONSE	_
CAGL0J04268g	IRON-SULFUR CLUSTER SYNTHESIS AND ASSEMBLY	_
CAGL0J04290g	REGULATION	SIGNAL TRANSDUCTION
CAGL0J04466g	MEMBRANE / CELL WALL	_
CAGL0J04576g	REGULATION	TRANSLATION
CAGL0J04950g	METABOLISM	OTHERS
CAGL0J05082g	METABOLISM	POST TRANSLATIONAL MODIFICATION
CAGL0J05258g	METABOLISM	MITOCHONDRIAL BIOGENESIS
CAGL0J05390g	UNCLASSIFIED	_
CAGL0J05478g	METABOLISM	MITOCHONDRIAL BIOGENESIS
CAGL0J05852g	REDOX SIGNALING	FLAVO HEMO PROTEIN
CAGL0J05984g	METABOLISM	NUCLEIC ACID METABOLISM
CAGL0J06374g	REGULATION	TRANSLATION
CAGL0J06380g	UNCLASSIFIED	_
CAGL0J06666g	UNCLASSIFIED	_
CAGL0J07062g	REGULATION	OTHERS
CAGL0J07568g	STRESS RESPONSE	_
CAGL0J07678g	REGULATION	TRANSLATION
CAGL0J07766g	METABOLISM	NUCLEIC ACID METABOLISM
CAGL0J07980g	TRANSPORT / TRAFFICKING	INTRACELLULAR TRANSPORT
CAGL0J08547g	METABOLISM	FATTY ACID AND LIPIDS
CAGL0J08679g	METABOLISM	RIBOSOMAL BIOGENESIS
CAGL0K08756g	REGULATION	TRANSCRIPTIONAL REGULATOR
CAGL0J09262g	UNCLASSIFIED	_
CAGL0J09328g	REGULATION	OTHERS
CAGL0J09614g	METABOLISM	RIBOSOMAL BIOGENESIS
CAGL0J09724g	METABOLISM	MITOCHONDRIAL BIOGENESIS
CAGL0J09812g	REDOX SIGNALING	METABOLISM
CAGL0J09944g	TRANSPORT / TRAFFICKING	PLASMA MEMBRANE
CAGL0J10010g	METABOLISM	NUCLEIC ACID METABOLISM
CAGL0K08668g	REGULATION	TRANSCRIPTIONAL REGULATOR
CAGL0J10362g	UNCLASSIFIED	_
CAGL0J10824g	METABOLISM	FATTY ACID AND LIPIDS
CAGL0J10846g	REGULATION	OTHERS
CAGL0J10978g	REGULATION	OTHERS
CAGL0J11132g	REGULATION	OTHERS
CAGL0J11682g	REDOX SIGNALING	THIOL REDOX
CAGL0J11792g	REGULATION	TRANSLATION
CAGL0J11858g	METABOLISM	MITOCHONDRIAL BIOGENESIS
CAGL0M08184g	REGULATION	SIGNAL TRANSDUCTION
CAGL0C00275g	STRESS RESPONSE	_
CAGL0K00847g	REDOX SIGNALING	RESPIRATORY CHAIN
CAGL0K00869g	REGULATION	OTHERS
CAGL0K01177g	UNCLASSIFIED	_
CAGL0K01749g	TRANSPORT / TRAFFICKING	INTRACELLULAR TRANSPORT
CAGL0K01771g	UNCLASSIFIED	_
CAGL0K01859g	REGULATION	TRANSLATION
CAGL0K02233g	METABOLISM	RIBOSOMAL BIOGENESIS
CAGL0K02409g	MEMBRANE / CELL WALL	_
CAGL0K02629g	REDOX SIGNALING	UNKNOWN
CAGL0M08602g	TRANSPORT / TRAFFICKING	ER/GOLGI TRANSPORT SYSTEM
CAGL0K03091g	UNCLASSIFIED	_
CAGL0K03421g	REDOX SIGNALING	METABOLISM
CAGL0K03459g	UNCLASSIFIED	_
CAGL0K04103g	METABOLISM	FATTY ACID AND LIPIDS
CAGL0F01463g	STRESS RESPONSE	_
CAGL0K04301g	METABOLISM	UNKNOWN
CAGL0K04367g	TRANSPORT / TRAFFICKING	PLASMA MEMBRANE
CAGL0K04499g	METABOLISM	NUCLEIC ACID METABOLISM
CAGL0K04719g	UNCLASSIFIED	_
CAGL0K04851g	TRANSPORT / TRAFFICKING	PEROXISOME
CAGL0K05137g	REDOX SIGNALING	METABOLISM
CAGL0K05247g	REGULATION	PROTEIN DEGRADATION
CAGL0G03289g	STRESS RESPONSE	_
CAGL0K05687g	REDOX SIGNALING	FLAVO HEMO PROTEIN
CAGL0K05753g	TRANSPORT / TRAFFICKING	PLASMA MEMBRANE
CAGL0K05813g	REDOX SIGNALING	THIOL REDOX
CAGL0K06061g	REGULATION	TRANSLATION
CAGL0K06105g	UNCLASSIFIED	_
CAGL0G10175g	STRESS RESPONSE	_
CAGL0K06567g	METABOLISM	RIBOSOMAL BIOGENESIS
CAGL0K06633g	UNCLASSIFIED	_
CAGL0A01199g	TRANSPORT / TRAFFICKING	PLASMA MEMBRANE
CAGL0K07111g	REGULATION	OTHERS
CAGL0K07183g	UNCLASSIFIED	_
CAGL0K07205g	UNCLASSIFIED	_
CAGL0K07436g	TRANSPORT / TRAFFICKING	MITOCHONDRIA
CAGL0K07480g	REDOX SIGNALING	METABOLISM
CAGL0K07546g	UNCLASSIFIED	_
CAGL0K07590g	REGULATION	UNKNOWN
CAGL0K07678g	UNCLASSIFIED	_
CAGL0K08184g	REDOX SIGNALING	ROS DETOXIFICATION
CAGL0K08206g	TRANSPORT / TRAFFICKING	UNKNOWN
CAGL0K08338g	UNCLASSIFIED	_
CAGL0K08536g	METABOLISM	PROTEIN DEGRADATION
CAGL0F01419g	TRANSPORT / TRAFFICKING	PLASMA MEMBRANE
CAGL0G02409g	TRANSPORT / TRAFFICKING	RIBOSOMAL BIOGENESIS
CAGL0K09042g	UNCLASSIFIED	_
CAGL0K09372g	REGULATION	TRANSCRIPTIONAL REGULATOR
CAGL0K09702g	REDOX SIGNALING	NAD(P)/NAD(P)H DEPENDANT ENZYME
CAGL0K09724g	REGULATION	OTHERS
CAGL0K09988g	TRANSPORT / TRAFFICKING	ER/GOLGI TRANSPORT SYSTEM
CAGL0K10340g	METABOLISM	NUCLEIC ACID METABOLISM
CAGL0K10362g	TRANSPORT / TRAFFICKING	MITOCHONDRIA
CAGL0K10428g	METABOLISM	ENERGY PRODUCTION (NON RESPIRATORY)
CAGL0K10736g	REDOX SIGNALING	FLAVO HEMO PROTEIN
CAGL0K10780g	REDOX SIGNALING	METABOLISM
CAGL0K10824g	UNCLASSIFIED	_
CAGL0I02134g	TRANSPORT / TRAFFICKING	PEROXISOME
CAGL0K11231g	MEMBRANE / CELL WALL	_
CAGL0K11616g	TRANSPORT / TRAFFICKING	MITOCHONDRIA
CAGL0K11858g	REDOX SIGNALING	FLAVO HEMO PROTEIN
CAGL0K12100g	REDOX SIGNALING	OXYGEN DEPENDENT ENZYME
CAGL0K12254g	REGULATION	PROTEIN DEGRADATION
CAGL0K12518g	METABOLISM	AMINO ACID METABOLISM
CAGL0K12980g	UNCLASSIFIED	_
CAGL0L00429g	REDOX SIGNALING	OTHERS
CAGL0L00473g	UNCLASSIFIED	_
CAGL0L00649g	IRON-SULFUR CLUSTER SYNTHESIS AND ASSEMBLY	_
CAGL0K00715g	TRANSPORT / TRAFFICKING	INTRACELLULAR TRANSPORT
CAGL0L00803g	REGULATION	OTHERS
CAGL0L00957g	UNCLASSIFIED	_
CAGL0L00979g	METABOLISM	MEMBRANE AND CELL WALL BIOGENESIS
CAGL0L01089g	REDOX SIGNALING	NAD(P)/NAD(P)H DEPENDANT ENZYME
CAGL0L01177g	REDOX SIGNALING	FLAVO HEMO PROTEIN
CAGL0L01551g	MEMBRANE / CELL WALL	_
CAGL0L01771g	REGULATION	TRANSCRIPTIONAL REGULATOR
CAGL0L02079g	TRANSPORT / TRAFFICKING	MITOCHONDRIA
CAGL0L02167g	REDOX SIGNALING	PEROXISOME
CAGL0L02321g	IRON-SULFUR CLUSTER SYNTHESIS AND ASSEMBLY	_
CAGL0L02937g	METABOLISM	AMINO ACID METABOLISM
CAGL0L03135g	REGULATION	OTHERS
CAGL0E04092g	TRANSPORT / TRAFFICKING	PLASMA MEMBRANE
CAGL0L03377g	REGULATION	TRANSCRIPTIONAL REGULATOR
CAGL0L03696g	MEMBRANE / CELL WALL	_
CAGL0L03806g	METABOLISM	RIBOSOMAL BIOGENESIS
CAGL0L03828g	REDOX SIGNALING	FLAVO HEMO PROTEIN
CAGL0L03846g	REGULATION	RNA BINDING
CAGL0L03982g	METABOLISM	ENERGY PRODUCTION (RESPIRATORY)
CAGL0L04070g	METABOLISM	MITOCHONDRIAL BIOGENESIS
CAGL0L04510g	REGULATION	TRANSLATION
CAGL0L04598g	REGULATION	OTHERS
CAGL0L04664g	METABOLISM	HEME BIOSYNTHESIS
CAGL0L03267g	TRANSPORT / TRAFFICKING	PLASMA MEMBRANE
CAGL0L05258g	REDOX SIGNALING	THIOL REDOX
CAGL0L05500g	METABOLISM	RIBOSOMAL BIOGENESIS
CAGL0L05742g	TRANSPORT / TRAFFICKING	MITOCHONDRIA
CAGL0L05786g	UNCLASSIFIED	_
CAGL0L06094g	IRON-SULFUR CLUSTER SYNTHESIS AND ASSEMBLY	_
CAGL0L06160g	REDOX SIGNALING	RESPIRATORY CHAIN
CAGL0L06512g	UNCLASSIFIED	_
CAGL0L06578g	REGULATION	OTHERS
CAGL0F00187g	TRANSPORT / TRAFFICKING	PLASMA MEMBRANE
CAGL0L06776g	REGULATION	UNKNOWN
CAGL0L06864g	UNCLASSIFIED	_
CAGL0L07480g	REGULATION	TRANSCRIPTIONAL REGULATOR
CAGL0L07502g	MEMBRANE / CELL WALL	_
CAGL0L07546g	TRANSPORT / TRAFFICKING	PLASMA MEMBRANE
CAGL0L08114g	METABOLISM	RIBOSOMAL BIOGENESIS
CAGL0L08118g	METABOLISM	RIBOSOMAL BIOGENESIS
CAGL0L08184g	METABOLISM	FATTY ACID AND LIPIDS
CAGL0L08294g	UNCLASSIFIED	_
CAGL0L08426g	METABOLISM	ENERGY PRODUCTION (RESPIRATORY)
CAGL0L08756g	METABOLISM	RIBOSOMAL BIOGENESIS
CAGL0L09020g	REGULATION	PROTEIN DEGRADATION
CAGL0L09086g	METABOLISM	ENERGY PRODUCTION (RESPIRATORY)
CAGL0L09108g	METABOLISM	ENERGY PRODUCTION (RESPIRATORY)
CAGL0L09273g	METABOLISM	ENERGY PRODUCTION (RESPIRATORY)
CAGL0L09383g	REGULATION	TRANSCRIPTIONAL REGULATOR
CAGL0L09537g	REDOX SIGNALING	FLAVO HEMO PROTEIN
CAGL0I06743g	TRANSPORT / TRAFFICKING	PLASMA MEMBRANE
CAGL0L10164g	REGULATION	TRANSLATION
CAGL0L10362g	REGULATION	UNKNOWN
CAGL0B02904g	UNCLASSIFIED	_
CAGL0L10582g	METABOLISM	UNKNOWN
CAGL0L10780g	MEMBRANE / CELL WALL	_
CAGL0L10868g	TRANSPORT / TRAFFICKING	MITOCHONDRIA
CAGL0L10890g	METABOLISM	RIBOSOMAL BIOGENESIS
CAGL0L11000g	METABOLISM	HEME BIOSYNTHESIS
CAGL0L11506g	REDOX SIGNALING	OTHERS
CAGL0L11814g	MEMBRANE / CELL WALL	_
CAGL0L11902g	METABOLISM	NUCLEIC ACID METABOLISM
CAGL0L11990g	REGULATION	OTHERS
CAGL0L12364g	REDOX SIGNALING	FLAVO HEMO PROTEIN
CAGL0L12562g	REGULATION	TRANSCRIPTIONAL REGULATOR
CAGL0L12914g	UNCLASSIFIED	_
CAGL0L12936g	TRANSPORT / TRAFFICKING	MITOCHONDRIA
CAGL0L13156g	REGULATION	PROTEIN DEGRADATION
CAGL0L13354g	TRANSPORT / TRAFFICKING	PLASMA MEMBRANE
CAGL0M00418g	MEMBRANE / CELL WALL	_
CAGL0M00770g	REGULATION	CHROMATIN CONFORMATION
CAGL0M01364g	REGULATION	OTHERS
CAGL0M01562g	UNCLASSIFIED	_
CAGL0M02167g	METABOLISM	OTHERS
CAGL0M02211g	MEMBRANE / CELL WALL	_
CAGL0M02387g	TRANSPORT / TRAFFICKING	PEROXISOME
CAGL0M02915g	METABOLISM	PERIXOPHAGY
CAGL0M03003g	TRANSPORT / TRAFFICKING	PLASMA MEMBRANE
CAGL0M03025g	REGULATION	TRANSCRIPTIONAL REGULATOR
CAGL0M03377g	REDOX SIGNALING	METABOLISM
CAGL0M03795g	REGULATION	OTHERS
CAGL0M04191g	REGULATION	PROTEIN DEGRADATION
CAGL0M04499g	REDOX SIGNALING	OXYGEN DEPENDENT ENZYME
CAGL0M04675g	UNCLASSIFIED	_
CAGL0M04873g	REGULATION	TRANSLATION
CAGL0M05401g	UNCLASSIFIED	_
CAGL0M05511g	TRANSPORT / TRAFFICKING	VACUOLAR MEMBRANE
CAGL0M05665g	REGULATION	PROTEIN DEGRADATION
CAGL0M05775g	METABOLISM	RIBOSOMAL BIOGENESIS
CAGL0M05951g	REDOX SIGNALING	THIOL REDOX
CAGL0M05995g	REDOX SIGNALING	METABOLISM
CAGL0M06369g	REGULATION	CHROMATIN CONFORMATION
CAGL0M06457g	TRANSPORT / TRAFFICKING	ER/GOLGI TRANSPORT SYSTEM
CAGL0M06633g	UNCLASSIFIED	_
CAGL0M06963g	REGULATION	TRANSLATION
CAGL0M07001g	UNCLASSIFIED	_
CAGL0M07271g	REDOX SIGNALING	THIOL REDOX
CAGL0M07403g	REGULATION	PROTEIN DEGRADATION
CAGL0I10147g	UNCLASSIFIED	_
CAGL0M07722g	REGULATION	TRANSLATION
CAGL0K00110g	UNCLASSIFIED	_
CAGL0I02508g	TRANSPORT / TRAFFICKING	VACUOLAR MEMBRANE
CAGL0M09020g	TRANSPORT / TRAFFICKING	MITOCHONDRIA
CAGL0M09229g	UNCLASSIFIED	_
CAGL0M09581g	TRANSPORT / TRAFFICKING	MITOCHONDRIA
CAGL0M09669g	METABOLISM	POST TRANSLATIONAL MODIFICATION
CAGL0M09713g	STRESS RESPONSE	_
CAGL0M10241g	METABOLISM	RIBOSOMAL BIOGENESIS
CAGL0M11000g	UNCLASSIFIED	_
CAGL0M11110g	METABOLISM	RIBOSOMAL BIOGENESIS
CAGL0M11704g	REDOX SIGNALING	THIOL REDOX
CAGL0M11902g	REGULATION	UNKNOWN
CAGL0M12551g	REDOX SIGNALING	METABOLISM
CAGL0M12881g	REDOX SIGNALING	METABOLISM
CAGL0M12947g	UNCLASSIFIED	_
CAGL0M13717g	METABOLISM	NUCLEIC ACID METABOLISM
CAGL0M14069g	UNCLASSIFIED	_